{"stats":{"minecraft:custom":{"minecraft:jump":74,"minecraft:time_since_rest":3501,"minecraft:interact_with_furnace":1,"minecraft:crouch_one_cm":1470,"minecraft:damage_dealt":20,"minecraft:walk_on_water_one_cm":1125,"lootr:looted_stat":1,"minecraft:sprint_one_cm":6569,"minecraft:play_time":3501,"minecraft:damage_taken":95,"minecraft:time_since_death":3501,"minecraft:walk_one_cm":3561,"minecraft:sneak_time":501,"minecraft:total_world_time":3501,"minecraft:fall_one_cm":1380,"minecraft:fly_one_cm":25576},"minecraft:mined":{"minecraft:stone":1,"minecraft:copper_ore":2},"minecraft:used":{"iceandfire:copper_pickaxe":6},"minecraft:picked_up":{"iceandfire:copper_pickaxe":1,"iceandfire:armor_copper_metal_leggings":1,"minecraft:wooden_pickaxe":1,"minecraft:cobblestone":1,"minecraft:raw_copper":7}},"DataVersion":3465}