{"stats":{"minecraft:custom":{"minecraft:time_since_rest":15501,"minecraft:play_time":15501,"lootr:looted_stat":1,"minecraft:crouch_one_cm":3296,"minecraft:interact_with_furnace":2,"minecraft:sprint_one_cm":8720,"minecraft:damage_taken":235,"minecraft:walk_one_cm":6454,"minecraft:sneak_time":1373,"minecraft:drop":1,"minecraft:jump":107,"minecraft:damage_dealt":20,"minecraft:time_since_death":15501,"minecraft:walk_on_water_one_cm":1316,"minecraft:total_world_time":15501,"minecraft:interact_with_crafting_table":1,"minecraft:fall_one_cm":3806,"minecraft:fly_one_cm":29086},"minecraft:mined":{"minecraft:coal_ore":12,"minecraft:copper_ore":7,"minecraft:stone":7},"minecraft:used":{"iceandfire:copper_pickaxe":8,"minecraft:apple":2,"minecraft:stone_pickaxe":40,"minecraft:wooden_pickaxe":4},"minecraft:dropped":{"minecraft:coal":12},"minecraft:picked_up":{"minecraft:raw_copper":22,"iceandfire:copper_pickaxe":1,"iceandfire:copper_sword":1,"iceandfire:armor_copper_metal_leggings":1,"minecraft:copper_ingot":2,"iceandfire:armor_copper_metal_chestplate":1,"minecraft:torch":6,"minecraft:wooden_pickaxe":1,"minecraft:stone_pickaxe":1,"minecraft:emerald":1,"iceandfire:armor_copper_metal_boots":1,"iceandfire:armor_copper_metal_helmet":1,"minecraft:coal":12,"minecraft:cobblestone":5}},"DataVersion":3465}