{"stats":{"minecraft:custom":{"minecraft:time_since_rest":28603,"minecraft:interact_with_furnace":26,"minecraft:sprint_one_cm":29208,"minecraft:damage_taken":96,"minecraft:walk_one_cm":28093,"minecraft:mob_kills":4,"minecraft:drop":19,"minecraft:damage_dealt":840,"minecraft:interact_with_crafting_table":29,"minecraft:fly_one_cm":17413,"minecraft:crouch_one_cm":7253,"minecraft:play_time":28603,"minecraft:sneak_time":2381,"minecraft:jump":130,"minecraft:leave_game":1,"minecraft:time_since_death":28603,"minecraft:walk_on_water_one_cm":4107,"minecraft:total_world_time":28603,"minecraft:fall_one_cm":2457},"minecraft:mined":{"iceandfire:silver_ore":2,"minecraft:iron_ore":1,"minecraft:spruce_log":8,"minecraft:crafting_table":2,"minecraft:coal_ore":26,"minecraft:copper_ore":25,"minecraft:stone":15},"minecraft:used":{"minecraft:wooden_axe":12,"minecraft:stone_pickaxe":131,"iceandfire:copper_axe":1,"minecraft:wooden_pickaxe":6,"minecraft:stone_axe":11,"minecraft:torch":10,"iceandfire:copper_sword":1,"minecraft:crafting_table":3,"minecraft:furnace":1},"minecraft:broken":{"minecraft:stone_pickaxe":1},"minecraft:dropped":{"iceandfire:copper_sword":1,"minecraft:torch":6,"minecraft:wooden_axe":1,"iceandfire:armor_copper_metal_boots":1,"iceandfire:armor_copper_metal_chestplate":1,"iceandfire:copper_pickaxe":1,"minecraft:stone_pickaxe":1,"minecraft:wooden_pickaxe":1,"iceandfire:armor_copper_metal_helmet":1,"minecraft:copper_ingot":2,"iceandfire:armor_copper_metal_leggings":1,"minecraft:emerald":3},"minecraft:picked_up":{"minecraft:wooden_axe":1,"minecraft:raw_iron":1,"minecraft:crafting_table":2,"minecraft:spruce_log":8,"minecraft:spider_eye":1,"minecraft:string":1,"minecraft:raw_copper":86,"minecraft:arrow":2,"minecraft:bone":4,"minecraft:emerald":3,"minecraft:coal":38,"iceandfire:raw_silver":2,"minecraft:cobblestone":17},"minecraft:crafted":{"iceandfire:copper_axe":1,"iceandfire:silver_ingot":2,"minecraft:crafting_table":1,"minecraft:spruce_planks":32,"minecraft:stick":24,"iceandfire:armor_copper_metal_chestplate":2,"minecraft:wooden_pickaxe":1,"minecraft:stone_pickaxe":2,"minecraft:wooden_axe":1,"minecraft:furnace":1,"iceandfire:armor_copper_metal_leggings":2,"minecraft:copper_ingot":79,"iceandfire:copper_pickaxe":1,"minecraft:torch":16,"iceandfire:copper_sword":2,"iceandfire:silver_sword":1,"minecraft:stone_axe":1,"iceandfire:armor_copper_metal_helmet":2,"minecraft:air":0,"iceandfire:armor_copper_metal_boots":2},"minecraft:killed":{"minecraft:skeleton":2,"minecraft:pillager":1,"minecraft:spider":1}},"DataVersion":3465}