{"stats":{"minecraft:custom":{"minecraft:time_since_rest":16603,"minecraft:interact_with_furnace":10,"minecraft:sprint_one_cm":14092,"minecraft:damage_taken":96,"minecraft:walk_one_cm":17522,"minecraft:mob_kills":4,"minecraft:drop":4,"minecraft:damage_dealt":710,"minecraft:interact_with_crafting_table":21,"minecraft:fly_one_cm":7304,"minecraft:crouch_one_cm":7002,"minecraft:play_time":16603,"minecraft:sneak_time":2067,"minecraft:jump":69,"minecraft:leave_game":1,"minecraft:time_since_death":16603,"minecraft:walk_on_water_one_cm":4040,"minecraft:total_world_time":16603,"minecraft:fall_one_cm":685},"minecraft:mined":{"iceandfire:silver_ore":2,"minecraft:iron_ore":1,"minecraft:spruce_log":8,"minecraft:crafting_table":2,"minecraft:coal_ore":26,"minecraft:copper_ore":25,"minecraft:stone":15},"minecraft:used":{"minecraft:wooden_axe":12,"minecraft:stone_pickaxe":131,"minecraft:wooden_pickaxe":6,"minecraft:stone_axe":11,"minecraft:torch":10,"minecraft:crafting_table":3,"minecraft:furnace":1},"minecraft:broken":{"minecraft:stone_pickaxe":1},"minecraft:dropped":{"minecraft:wooden_axe":1,"iceandfire:copper_pickaxe":1,"minecraft:wooden_pickaxe":1,"iceandfire:armor_copper_metal_leggings":1},"minecraft:picked_up":{"minecraft:wooden_axe":1,"minecraft:raw_iron":1,"minecraft:crafting_table":2,"minecraft:spruce_log":8,"minecraft:spider_eye":1,"minecraft:string":1,"minecraft:raw_copper":84,"minecraft:arrow":2,"minecraft:bone":4,"minecraft:emerald":1,"minecraft:coal":26,"iceandfire:raw_silver":2,"minecraft:cobblestone":15},"minecraft:crafted":{"minecraft:crafting_table":1,"minecraft:spruce_planks":32,"minecraft:stick":16,"iceandfire:armor_copper_metal_chestplate":1,"minecraft:wooden_pickaxe":1,"minecraft:stone_pickaxe":1,"minecraft:wooden_axe":1,"minecraft:furnace":1,"iceandfire:armor_copper_metal_leggings":2,"minecraft:copper_ingot":36,"iceandfire:copper_pickaxe":1,"minecraft:torch":16,"iceandfire:copper_sword":1,"minecraft:stone_axe":1,"iceandfire:armor_copper_metal_helmet":1,"minecraft:air":0,"iceandfire:armor_copper_metal_boots":1},"minecraft:killed":{"minecraft:skeleton":2,"minecraft:pillager":1,"minecraft:spider":1}},"DataVersion":3465}